document,source_file,chapter,start_line,end_line,declared_content_type,candidate_content_type,candidate_content_type_source,candidate_official_profile,heading_context,heading_prerequisites,heading_procedure,heading_expected_result,heading_troubleshooting,heading_cleanup,heading_summary,heading_next_steps,role_objectives,role_examples,role_counterexamples,role_practice,role_acceptance,role_sources,numbered_step_count,stateful_candidate,code_fence_count,tagged_code_fence_count,untagged_code_fence_count,review_flags
10_学习模块\F00_金融市场与资产基础\F00_金融市场与资产基础_适配教材.md,10_学习模块\F00_金融市场与资产基础\F00_金融市场与资产基础_适配教材.md,第 1 章：金融市场在做什么,123,169,instructional,instructional,explicit_local_metadata,tutorial-like,True,False,True,False,True,False,False,False,True,False,True,True,False,False,0,False,1,0,1,candidate_missing_explicit_prerequisites;candidate_missing_expected_result;candidate_missing_explicit_examples;candidate_missing_explicit_acceptance;candidate_missing_explicit_sources
10_学习模块\F00_金融市场与资产基础\F00_金融市场与资产基础_适配教材.md,10_学习模块\F00_金融市场与资产基础\F00_金融市场与资产基础_适配教材.md,第 2 章：资产类别和数据字段,170,273,instructional,instructional,explicit_local_metadata,concept-like,True,False,False,True,False,False,False,False,True,False,False,False,True,False,0,False,1,0,1,candidate_missing_explicit_examples;candidate_missing_explicit_practice;candidate_missing_explicit_sources
10_学习模块\F00_金融市场与资产基础\F00_金融市场与资产基础_适配教材.md,10_学习模块\F00_金融市场与资产基础\F00_金融市场与资产基础_适配教材.md,第 3 章：价格、收益率和风险,274,357,instructional,instructional,explicit_local_metadata,tutorial-like,True,False,True,False,True,False,False,False,True,True,True,True,False,False,0,False,5,0,5,candidate_missing_explicit_prerequisites;candidate_missing_expected_result;candidate_missing_explicit_acceptance;candidate_missing_explicit_sources
10_学习模块\F00_金融市场与资产基础\F00_金融市场与资产基础_适配教材.md,10_学习模块\F00_金融市场与资产基础\F00_金融市场与资产基础_适配教材.md,第 4 章：利率、期限和信用风险,358,528,instructional,instructional,explicit_local_metadata,tutorial-like,True,False,True,True,False,False,False,False,True,True,True,True,True,True,8,False,8,0,8,candidate_missing_explicit_prerequisites
10_学习模块\F00_金融市场与资产基础\F00_金融市场与资产基础_适配教材.md,10_学习模块\F00_金融市场与资产基础\F00_金融市场与资产基础_适配教材.md,第 5 章：金融数据来源和数据口径,529,676,instructional,instructional,explicit_local_metadata,tutorial-like,True,False,True,True,False,False,False,False,True,True,True,True,True,True,2,False,4,0,4,candidate_missing_explicit_prerequisites
10_学习模块\F00_金融市场与资产基础\F00_金融市场与资产基础_适配教材.md,10_学习模块\F00_金融市场与资产基础\F00_金融市场与资产基础_适配教材.md,第 6 章：F00 如何连接 F02、F03、M12 和 P03,677,730,design-note,design-note,explicit_local_metadata,design-note,False,False,False,True,False,False,False,False,False,False,False,False,True,False,0,False,4,0,4,
10_学习模块\F01_概率统计与数学基础\F01_概率统计与数学基础_适配教材.md,10_学习模块\F01_概率统计与数学基础\F01_概率统计与数学基础_适配教材.md,第 1 章：为什么金融工程需要概率统计,120,232,instructional,instructional,explicit_local_metadata,tutorial-like,True,True,True,True,True,False,True,True,True,True,True,True,True,True,0,False,3,1,2,
10_学习模块\F01_概率统计与数学基础\F01_概率统计与数学基础_适配教材.md,10_学习模块\F01_概率统计与数学基础\F01_概率统计与数学基础_适配教材.md,第 2 章：随机变量、样本、均值和估计误差,233,325,instructional,instructional,explicit_local_metadata,concept-like,True,False,False,True,True,False,False,False,True,True,True,False,True,False,0,False,6,0,6,candidate_missing_explicit_practice;candidate_missing_explicit_sources
10_学习模块\F01_概率统计与数学基础\F01_概率统计与数学基础_适配教材.md,10_学习模块\F01_概率统计与数学基础\F01_概率统计与数学基础_适配教材.md,第 3 章：收益率分布、极端值和正态近似,326,410,instructional,instructional,explicit_local_metadata,concept-like,True,False,False,True,True,False,False,False,True,True,True,False,True,False,0,False,3,0,3,candidate_missing_explicit_practice;candidate_missing_explicit_sources
10_学习模块\F01_概率统计与数学基础\F01_概率统计与数学基础_适配教材.md,10_学习模块\F01_概率统计与数学基础\F01_概率统计与数学基础_适配教材.md,第 4 章：分位数、置信水平和 VaR,411,587,instructional,instructional,explicit_local_metadata,tutorial-like,True,False,True,True,True,False,False,False,True,True,True,True,True,True,4,False,10,1,9,candidate_missing_explicit_prerequisites
10_学习模块\F01_概率统计与数学基础\F01_概率统计与数学基础_适配教材.md,10_学习模块\F01_概率统计与数学基础\F01_概率统计与数学基础_适配教材.md,第 5 章：协方差和相关性,588,680,instructional,instructional,explicit_local_metadata,concept-like,True,False,False,True,True,False,False,False,True,True,True,False,True,False,0,False,4,0,4,candidate_missing_explicit_practice;candidate_missing_explicit_sources
10_学习模块\F01_概率统计与数学基础\F01_概率统计与数学基础_适配教材.md,10_学习模块\F01_概率统计与数学基础\F01_概率统计与数学基础_适配教材.md,第 6 章：协方差矩阵和组合风险,681,826,instructional,instructional,explicit_local_metadata,tutorial-like,True,False,True,True,True,False,False,False,True,True,True,True,True,True,7,False,8,1,7,candidate_missing_explicit_prerequisites
10_学习模块\F01_概率统计与数学基础\F01_概率统计与数学基础_适配教材.md,10_学习模块\F01_概率统计与数学基础\F01_概率统计与数学基础_适配教材.md,第 7 章：最小 Python 统计流程,827,896,instructional,instructional,explicit_local_metadata,concept-like,True,False,False,True,False,False,False,False,True,True,False,False,True,False,0,False,3,0,3,candidate_missing_explicit_practice;candidate_missing_explicit_sources
10_学习模块\F01_概率统计与数学基础\F01_概率统计与数学基础_适配教材.md,10_学习模块\F01_概率统计与数学基础\F01_概率统计与数学基础_适配教材.md,第 8 章：把 F01 接到 GF 实验和 P03,897,965,design-note,design-note,explicit_local_metadata,design-note,True,False,False,False,False,False,False,False,True,False,False,False,True,False,0,False,3,0,3,
10_学习模块\F02_Python金融数据与时间序列\F02_Python金融数据与时间序列_适配教材.md,10_学习模块\F02_Python金融数据与时间序列\F02_Python金融数据与时间序列_适配教材.md,第 1 章：为什么金融时间序列不能当普通表格处理,120,247,instructional,instructional,explicit_local_metadata,tutorial-like,True,False,True,True,True,False,False,False,True,True,True,True,True,False,7,False,3,0,3,candidate_missing_explicit_prerequisites;candidate_missing_explicit_sources
10_学习模块\F02_Python金融数据与时间序列\F02_Python金融数据与时间序列_适配教材.md,10_学习模块\F02_Python金融数据与时间序列\F02_Python金融数据与时间序列_适配教材.md,第 2 章：DatetimeIndex、频率和交易日,248,350,instructional,instructional,explicit_local_metadata,tutorial-like,True,False,True,False,True,False,False,False,True,True,True,True,False,True,4,False,5,0,5,candidate_missing_explicit_prerequisites;candidate_missing_expected_result;candidate_missing_explicit_acceptance
10_学习模块\F02_Python金融数据与时间序列\F02_Python金融数据与时间序列_适配教材.md,10_学习模块\F02_Python金融数据与时间序列\F02_Python金融数据与时间序列_适配教材.md,第 2.5 章：时区、DST 和 market session date,351,481,instructional,instructional,explicit_local_metadata,tutorial-like,True,False,True,False,False,False,False,False,True,False,False,True,False,True,4,False,4,0,4,candidate_missing_explicit_prerequisites;candidate_missing_expected_result;candidate_missing_explicit_examples;candidate_missing_explicit_acceptance
10_学习模块\F02_Python金融数据与时间序列\F02_Python金融数据与时间序列_适配教材.md,10_学习模块\F02_Python金融数据与时间序列\F02_Python金融数据与时间序列_适配教材.md,第 3 章：缺失值、重复值和字段对齐,482,590,instructional,instructional,explicit_local_metadata,tutorial-like,True,False,True,True,True,False,False,False,True,True,True,True,True,False,4,False,3,0,3,candidate_missing_explicit_prerequisites;candidate_missing_explicit_sources
10_学习模块\F02_Python金融数据与时间序列\F02_Python金融数据与时间序列_适配教材.md,10_学习模块\F02_Python金融数据与时间序列\F02_Python金融数据与时间序列_适配教材.md,第 4 章：收益率和对数收益率,591,690,instructional,instructional,explicit_local_metadata,tutorial-like,True,False,True,True,True,False,False,False,True,True,True,True,True,False,4,False,5,0,5,candidate_missing_explicit_prerequisites;candidate_missing_explicit_sources
10_学习模块\F02_Python金融数据与时间序列\F02_Python金融数据与时间序列_适配教材.md,10_学习模块\F02_Python金融数据与时间序列\F02_Python金融数据与时间序列_适配教材.md,第 4.5 章：跨资产收益口径与周月聚合,691,843,instructional,instructional,explicit_local_metadata,tutorial-like,False,False,True,False,False,False,False,False,False,False,False,True,False,True,4,False,3,0,3,candidate_missing_explicit_prerequisites;candidate_missing_expected_result;candidate_missing_explicit_objectives;candidate_missing_explicit_examples;candidate_missing_explicit_acceptance
10_学习模块\F02_Python金融数据与时间序列\F02_Python金融数据与时间序列_适配教材.md,10_学习模块\F02_Python金融数据与时间序列\F02_Python金融数据与时间序列_适配教材.md,第 5 章：rolling window 和滚动波动率,844,944,instructional,instructional,explicit_local_metadata,tutorial-like,True,False,True,False,True,False,False,False,True,True,True,True,False,True,0,False,6,0,6,candidate_missing_explicit_prerequisites;candidate_missing_expected_result;candidate_missing_explicit_acceptance
10_学习模块\F02_Python金融数据与时间序列\F02_Python金融数据与时间序列_适配教材.md,10_学习模块\F02_Python金融数据与时间序列\F02_Python金融数据与时间序列_适配教材.md,第 6 章：drawdown 和 max drawdown,945,1040,instructional,instructional,explicit_local_metadata,tutorial-like,True,False,True,True,True,False,False,False,True,True,True,True,True,False,0,False,6,0,6,candidate_missing_explicit_prerequisites;candidate_missing_explicit_sources
10_学习模块\F02_Python金融数据与时间序列\F02_Python金融数据与时间序列_适配教材.md,10_学习模块\F02_Python金融数据与时间序列\F02_Python金融数据与时间序列_适配教材.md,第 7 章：数据版本、point-in-time 和 lineage,1041,1233,instructional,instructional,explicit_local_metadata,tutorial-like,True,False,True,True,True,False,False,False,True,False,True,True,True,True,5,False,6,0,6,candidate_missing_explicit_prerequisites;candidate_missing_explicit_examples
10_学习模块\F02_Python金融数据与时间序列\F02_Python金融数据与时间序列_适配教材.md,10_学习模块\F02_Python金融数据与时间序列\F02_Python金融数据与时间序列_适配教材.md,第 8 章：把 F02 输出接到 Q01 和 P03,1234,1325,design-note,design-note,explicit_local_metadata,design-note,True,False,False,True,True,False,False,False,True,False,True,False,True,False,0,False,3,0,3,
10_学习模块\F03_投资组合与风险管理\F03_投资组合与风险管理_适配教材.md,10_学习模块\F03_投资组合与风险管理\F03_投资组合与风险管理_适配教材.md,第 1 章：风险指标不是投资结论,118,182,instructional,instructional,explicit_local_metadata,tutorial-like,True,False,True,False,True,False,False,False,True,False,True,True,False,False,0,False,4,0,4,candidate_missing_explicit_prerequisites;candidate_missing_expected_result;candidate_missing_explicit_examples;candidate_missing_explicit_acceptance;candidate_missing_explicit_sources
10_学习模块\F03_投资组合与风险管理\F03_投资组合与风险管理_适配教材.md,10_学习模块\F03_投资组合与风险管理\F03_投资组合与风险管理_适配教材.md,第 2 章：单资产风险指标,183,274,instructional,instructional,explicit_local_metadata,concept-like,True,False,False,True,False,False,False,False,True,True,False,False,True,False,0,False,6,0,6,candidate_missing_explicit_practice;candidate_missing_explicit_sources
10_学习模块\F03_投资组合与风险管理\F03_投资组合与风险管理_适配教材.md,10_学习模块\F03_投资组合与风险管理\F03_投资组合与风险管理_适配教材.md,第 3 章：组合权重和组合收益,275,360,instructional,instructional,explicit_local_metadata,concept-like,True,False,False,True,False,False,False,False,True,True,False,False,True,False,0,False,5,1,4,candidate_missing_explicit_practice;candidate_missing_explicit_sources
10_学习模块\F03_投资组合与风险管理\F03_投资组合与风险管理_适配教材.md,10_学习模块\F03_投资组合与风险管理\F03_投资组合与风险管理_适配教材.md,第 4 章：协方差、相关性和组合风险,361,479,instructional,instructional,explicit_local_metadata,tutorial-like,True,False,True,True,True,False,False,False,True,True,True,True,True,True,4,False,5,0,5,candidate_missing_explicit_prerequisites
10_学习模块\F03_投资组合与风险管理\F03_投资组合与风险管理_适配教材.md,10_学习模块\F03_投资组合与风险管理\F03_投资组合与风险管理_适配教材.md,第 5 章：Sharpe ratio 的使用边界,480,577,instructional,instructional,explicit_local_metadata,tutorial-like,True,False,True,True,True,False,False,False,True,True,True,True,True,True,4,False,4,0,4,candidate_missing_explicit_prerequisites
10_学习模块\F03_投资组合与风险管理\F03_投资组合与风险管理_适配教材.md,10_学习模块\F03_投资组合与风险管理\F03_投资组合与风险管理_适配教材.md,第 6 章：两资产风险收益曲线,578,669,instructional,instructional,explicit_local_metadata,tutorial-like,True,False,True,True,False,False,False,False,True,True,False,True,True,True,4,False,3,0,3,candidate_missing_explicit_prerequisites
10_学习模块\F03_投资组合与风险管理\F03_投资组合与风险管理_适配教材.md,10_学习模块\F03_投资组合与风险管理\F03_投资组合与风险管理_适配教材.md,第 7 章：把 F03 接入 P03,670,731,design-note,design-note,explicit_local_metadata,design-note,True,False,False,True,False,False,False,False,True,False,False,False,True,False,0,False,3,0,3,
10_学习模块\F04_衍生品定价与随机过程导论\F04_衍生品定价与随机过程导论_适配教材.md,10_学习模块\F04_衍生品定价与随机过程导论\F04_衍生品定价与随机过程导论_适配教材.md,第 1 章：衍生品和 payoff,128,205,instructional,instructional,explicit_local_metadata,concept-like,True,False,False,True,False,False,False,False,True,True,False,False,True,False,0,False,3,0,3,candidate_missing_explicit_practice;candidate_missing_explicit_sources
10_学习模块\F04_衍生品定价与随机过程导论\F04_衍生品定价与随机过程导论_适配教材.md,10_学习模块\F04_衍生品定价与随机过程导论\F04_衍生品定价与随机过程导论_适配教材.md,第 2 章：Black-Scholes 输入输出,206,348,instructional,instructional,explicit_local_metadata,concept-like,True,False,False,False,True,False,False,False,True,True,True,False,False,False,0,False,5,0,5,candidate_missing_explicit_practice;candidate_missing_explicit_acceptance;candidate_missing_explicit_sources
10_学习模块\F04_衍生品定价与随机过程导论\F04_衍生品定价与随机过程导论_适配教材.md,10_学习模块\F04_衍生品定价与随机过程导论\F04_衍生品定价与随机过程导论_适配教材.md,第 3 章：Monte Carlo 定价,349,560,instructional,instructional,explicit_local_metadata,tutorial-like,True,False,True,False,True,False,False,False,True,True,True,True,False,False,4,False,6,0,6,candidate_missing_explicit_prerequisites;candidate_missing_expected_result;candidate_missing_explicit_acceptance;candidate_missing_explicit_sources
10_学习模块\F04_衍生品定价与随机过程导论\F04_衍生品定价与随机过程导论_适配教材.md,10_学习模块\F04_衍生品定价与随机过程导论\F04_衍生品定价与随机过程导论_适配教材.md,第 4 章：参数敏感性和 Greeks 直觉,561,658,instructional,instructional,explicit_local_metadata,tutorial-like,False,True,True,True,False,False,True,True,True,True,False,True,True,True,0,False,2,1,1,
10_学习模块\F04_衍生品定价与随机过程导论\F04_衍生品定价与随机过程导论_适配教材.md,10_学习模块\F04_衍生品定价与随机过程导论\F04_衍生品定价与随机过程导论_适配教材.md,第 5 章：pricing_task 字段设计,659,762,design-note,design-note,explicit_local_metadata,design-note,True,False,True,False,False,False,False,False,True,False,False,True,False,False,0,False,4,0,4,
10_学习模块\F05_固定收益与利率基础\F05_固定收益与利率基础_适配教材.md,10_学习模块\F05_固定收益与利率基础\F05_固定收益与利率基础_适配教材.md,第 1 章：债券是一组现金流,117,206,instructional,instructional,explicit_local_metadata,concept-like,True,False,False,False,True,False,False,False,True,True,True,False,False,True,0,False,2,0,2,candidate_missing_explicit_practice;candidate_missing_explicit_acceptance
10_学习模块\F05_固定收益与利率基础\F05_固定收益与利率基础_适配教材.md,10_学习模块\F05_固定收益与利率基础\F05_固定收益与利率基础_适配教材.md,第 2 章：折现和债券现值,207,306,instructional,instructional,explicit_local_metadata,tutorial-like,True,False,True,False,False,False,False,False,True,True,False,True,False,True,0,False,4,0,4,candidate_missing_explicit_prerequisites;candidate_missing_expected_result;candidate_missing_explicit_acceptance
10_学习模块\F05_固定收益与利率基础\F05_固定收益与利率基础_适配教材.md,10_学习模块\F05_固定收益与利率基础\F05_固定收益与利率基础_适配教材.md,第 3 章：YTM 的直觉和数值求解,307,476,instructional,instructional,explicit_local_metadata,tutorial-like,False,True,True,True,True,False,True,True,True,True,True,True,True,True,0,False,7,3,4,
10_学习模块\F05_固定收益与利率基础\F05_固定收益与利率基础_适配教材.md,10_学习模块\F05_固定收益与利率基础\F05_固定收益与利率基础_适配教材.md,第 4 章：久期、凸性和价格近似,477,613,instructional,instructional,explicit_local_metadata,tutorial-like,False,True,True,True,False,False,True,True,True,True,False,True,True,True,0,False,6,0,6,
10_学习模块\F05_固定收益与利率基础\F05_固定收益与利率基础_适配教材.md,10_学习模块\F05_固定收益与利率基础\F05_固定收益与利率基础_适配教材.md,第 5 章：利率数据和 fixed_income_task,614,765,design-note,design-note,explicit_local_metadata,design-note,False,False,True,False,False,False,False,False,False,False,False,True,False,False,0,False,5,0,5,
10_学习模块\F06_量化研究与回测工程\F06_量化研究与回测工程_适配教材.md,10_学习模块\F06_量化研究与回测工程\F06_量化研究与回测工程_适配教材.md,第 1 章：量化研究流程不是收益曲线,114,178,instructional,instructional,explicit_local_metadata,concept-like,True,False,False,False,True,False,False,False,True,False,True,False,False,False,0,False,3,0,3,candidate_missing_explicit_examples;candidate_missing_explicit_practice;candidate_missing_explicit_acceptance;candidate_missing_explicit_sources
10_学习模块\F06_量化研究与回测工程\F06_量化研究与回测工程_适配教材.md,10_学习模块\F06_量化研究与回测工程\F06_量化研究与回测工程_适配教材.md,第 2 章：数据、信号、仓位和收益,179,276,instructional,instructional,explicit_local_metadata,concept-like,True,False,False,True,False,False,False,False,True,True,False,False,True,False,0,False,4,0,4,candidate_missing_explicit_practice;candidate_missing_explicit_sources
10_学习模块\F06_量化研究与回测工程\F06_量化研究与回测工程_适配教材.md,10_学习模块\F06_量化研究与回测工程\F06_量化研究与回测工程_适配教材.md,第 3 章：moving average signal 的最小回测,277,338,instructional,instructional,explicit_local_metadata,concept-like,True,False,False,True,True,False,False,False,True,True,True,False,True,False,0,False,3,0,3,candidate_missing_explicit_practice;candidate_missing_explicit_sources
10_学习模块\F06_量化研究与回测工程\F06_量化研究与回测工程_适配教材.md,10_学习模块\F06_量化研究与回测工程\F06_量化研究与回测工程_适配教材.md,第 4 章：交易成本、换手率和市场摩擦,339,435,instructional,instructional,explicit_local_metadata,concept-like,True,False,False,True,False,False,False,False,True,True,False,False,True,False,0,False,6,0,6,candidate_missing_explicit_practice;candidate_missing_explicit_sources
10_学习模块\F06_量化研究与回测工程\F06_量化研究与回测工程_适配教材.md,10_学习模块\F06_量化研究与回测工程\F06_量化研究与回测工程_适配教材.md,第 5 章：回测风险指标和报告,436,514,instructional,instructional,explicit_local_metadata,concept-like,True,False,False,True,False,False,False,False,True,True,False,False,True,False,0,False,2,0,2,candidate_missing_explicit_practice;candidate_missing_explicit_sources
10_学习模块\F06_量化研究与回测工程\F06_量化研究与回测工程_适配教材.md,10_学习模块\F06_量化研究与回测工程\F06_量化研究与回测工程_适配教材.md,第 6 章：数据泄漏和回测偏差,515,667,instructional,instructional,explicit_local_metadata,concept-like,True,False,False,False,False,False,False,False,True,True,True,False,True,True,0,False,6,2,4,candidate_missing_explicit_practice
10_学习模块\F06_量化研究与回测工程\F06_量化研究与回测工程_适配教材.md,10_学习模块\F06_量化研究与回测工程\F06_量化研究与回测工程_适配教材.md,第 7 章：把 F06 接入 P03,668,749,design-note,design-note,explicit_local_metadata,design-note,True,False,False,True,True,False,False,False,True,False,True,False,True,False,0,False,2,0,2,
10_学习模块\F07_金融机器学习与模型风险\F07_金融机器学习与模型风险_适配教材.md,10_学习模块\F07_金融机器学习与模型风险\F07_金融机器学习与模型风险_适配教材.md,第 1 章：金融 ML 不是先上模型,129,186,instructional,instructional,explicit_local_metadata,concept-like,True,False,False,False,True,False,False,False,True,False,True,False,False,False,0,False,3,0,3,candidate_missing_explicit_examples;candidate_missing_explicit_practice;candidate_missing_explicit_acceptance;candidate_missing_explicit_sources
10_学习模块\F07_金融机器学习与模型风险\F07_金融机器学习与模型风险_适配教材.md,10_学习模块\F07_金融机器学习与模型风险\F07_金融机器学习与模型风险_适配教材.md,第 2 章：label、feature 和时间口径,187,402,instructional,instructional,explicit_local_metadata,concept-like,True,False,False,True,False,False,False,False,True,False,False,False,True,False,0,False,10,0,10,candidate_missing_explicit_examples;candidate_missing_explicit_practice;candidate_missing_explicit_sources
10_学习模块\F07_金融机器学习与模型风险\F07_金融机器学习与模型风险_适配教材.md,10_学习模块\F07_金融机器学习与模型风险\F07_金融机器学习与模型风险_适配教材.md,第 3 章：时间切分和 TimeSeriesSplit,403,540,instructional,instructional,explicit_local_metadata,concept-like,True,False,False,True,False,False,False,False,True,True,False,False,True,False,0,False,7,0,7,candidate_missing_explicit_practice;candidate_missing_explicit_sources
10_学习模块\F07_金融机器学习与模型风险\F07_金融机器学习与模型风险_适配教材.md,10_学习模块\F07_金融机器学习与模型风险\F07_金融机器学习与模型风险_适配教材.md,第 4 章：baseline 先于复杂模型,541,691,instructional,instructional,explicit_local_metadata,concept-like,True,False,False,True,False,False,False,False,True,False,False,False,True,False,0,False,9,0,9,candidate_missing_explicit_examples;candidate_missing_explicit_practice;candidate_missing_explicit_sources
10_学习模块\F07_金融机器学习与模型风险\F07_金融机器学习与模型风险_适配教材.md,10_学习模块\F07_金融机器学习与模型风险\F07_金融机器学习与模型风险_适配教材.md,第 5 章：指标、混淆矩阵和失败样例,692,803,instructional,instructional,explicit_local_metadata,concept-like,True,False,False,True,False,False,False,False,True,True,False,False,True,False,0,False,3,0,3,candidate_missing_explicit_practice;candidate_missing_explicit_sources
10_学习模块\F07_金融机器学习与模型风险\F07_金融机器学习与模型风险_适配教材.md,10_学习模块\F07_金融机器学习与模型风险\F07_金融机器学习与模型风险_适配教材.md,第 6 章：数据泄漏和模型风险,804,906,instructional,instructional,explicit_local_metadata,concept-like,True,False,False,True,False,False,False,False,True,False,False,False,True,False,0,False,4,0,4,candidate_missing_explicit_examples;candidate_missing_explicit_practice;candidate_missing_explicit_sources
10_学习模块\F07_金融机器学习与模型风险\F07_金融机器学习与模型风险_适配教材.md,10_学习模块\F07_金融机器学习与模型风险\F07_金融机器学习与模型风险_适配教材.md,第 7 章：模型卡和 P03 评测任务,907,1005,design-note,design-note,explicit_local_metadata,design-note,True,False,False,True,False,False,False,False,True,False,False,False,True,False,0,False,3,0,3,
10_学习模块\F08_金融工程任务与AI_Workload接口\F08_金融工程任务与AI_Workload接口_适配教材.md,10_学习模块\F08_金融工程任务与AI_Workload接口\F08_金融工程任务与AI_Workload接口_适配教材.md,第 1 章：金融脚本为什么要变成 task,114,186,design-note,design-note,explicit_local_metadata,design-note,True,False,True,False,True,False,False,False,True,False,True,True,False,False,0,False,3,0,3,
10_学习模块\F08_金融工程任务与AI_Workload接口\F08_金融工程任务与AI_Workload接口_适配教材.md,10_学习模块\F08_金融工程任务与AI_Workload接口\F08_金融工程任务与AI_Workload接口_适配教材.md,第 2 章：统一 Task Envelope,187,301,design-note,design-note,explicit_local_metadata,design-note,True,False,False,False,True,False,False,False,True,False,True,False,False,False,0,False,4,0,4,
10_学习模块\F08_金融工程任务与AI_Workload接口\F08_金融工程任务与AI_Workload接口_适配教材.md,10_学习模块\F08_金融工程任务与AI_Workload接口\F08_金融工程任务与AI_Workload接口_适配教材.md,第 3 章：risk_metric_task 和 portfolio_task,302,413,design-note,design-note,explicit_local_metadata,design-note,False,False,False,True,False,False,False,False,False,False,False,False,True,False,0,False,3,0,3,
10_学习模块\F08_金融工程任务与AI_Workload接口\F08_金融工程任务与AI_Workload接口_适配教材.md,10_学习模块\F08_金融工程任务与AI_Workload接口\F08_金融工程任务与AI_Workload接口_适配教材.md,第 4 章：backtest_task 和 model_risk_task,414,570,design-note,design-note,explicit_local_metadata,design-note,False,False,False,False,False,False,False,False,False,False,False,False,False,False,0,False,4,0,4,
10_学习模块\F08_金融工程任务与AI_Workload接口\F08_金融工程任务与AI_Workload接口_适配教材.md,10_学习模块\F08_金融工程任务与AI_Workload接口\F08_金融工程任务与AI_Workload接口_适配教材.md,第 5 章：data_quality_task 和 finance_rag_query,571,658,design-note,design-note,explicit_local_metadata,design-note,False,False,False,False,False,False,False,False,False,False,False,False,False,False,0,False,3,0,3,
10_学习模块\F08_金融工程任务与AI_Workload接口\F08_金融工程任务与AI_Workload接口_适配教材.md,10_学习模块\F08_金融工程任务与AI_Workload接口\F08_金融工程任务与AI_Workload接口_适配教材.md,第 6 章：三类指标必须分开,659,719,design-note,design-note,explicit_local_metadata,design-note,False,False,False,False,True,False,False,False,False,False,True,False,False,False,0,False,3,0,3,
10_学习模块\F08_金融工程任务与AI_Workload接口\F08_金融工程任务与AI_Workload接口_适配教材.md,10_学习模块\F08_金融工程任务与AI_Workload接口\F08_金融工程任务与AI_Workload接口_适配教材.md,第 7 章：接口 walkthrough：从风险脚本到候选 task,720,823,design-note,design-note,explicit_local_metadata,design-note,True,False,False,True,False,False,False,False,True,False,False,False,True,False,0,False,4,0,4,
10_学习模块\F08_金融工程任务与AI_Workload接口\F08_金融工程任务与AI_Workload接口_适配教材.md,10_学习模块\F08_金融工程任务与AI_Workload接口\F08_金融工程任务与AI_Workload接口_适配教材.md,第 8 章：F08 到 X02 的激活条件,824,857,appendix,appendix,explicit_local_metadata,appendix,False,False,False,False,False,False,False,False,False,False,False,False,False,False,0,False,1,0,1,
10_学习模块\M00_工具链与计算机基础\M00_工具链与计算机基础_适配教材.md,10_学习模块\M00_工具链与计算机基础\M00_工具链与计算机基础_适配教材.md,第 0 章：开始前的环境要求,47,101,instructional,instructional,explicit_local_metadata,concept-like,False,False,False,False,False,False,False,False,False,False,False,False,False,False,0,False,4,0,4,candidate_missing_explicit_context;candidate_missing_explicit_objectives;candidate_missing_explicit_examples;candidate_missing_explicit_practice;candidate_missing_explicit_acceptance;candidate_missing_explicit_sources
10_学习模块\M00_工具链与计算机基础\M00_工具链与计算机基础_适配教材.md,10_学习模块\M00_工具链与计算机基础\M00_工具链与计算机基础_适配教材.md,第 1 章：为什么工程学习必须先学工具链,102,164,instructional,instructional,explicit_local_metadata,concept-like,True,False,False,False,False,False,False,False,True,False,False,False,False,False,0,True,2,0,2,candidate_missing_explicit_examples;candidate_missing_explicit_practice;candidate_missing_explicit_acceptance;candidate_missing_explicit_sources
10_学习模块\M00_工具链与计算机基础\M00_工具链与计算机基础_适配教材.md,10_学习模块\M00_工具链与计算机基础\M00_工具链与计算机基础_适配教材.md,第 2 章：Shell、目录和路径,165,331,instructional,instructional,explicit_local_metadata,tutorial-like,False,False,True,False,True,False,False,False,False,True,True,False,False,True,3,True,11,0,11,candidate_missing_explicit_prerequisites;candidate_missing_expected_result;candidate_missing_cleanup_for_stateful_work;candidate_missing_explicit_objectives;candidate_missing_explicit_practice;candidate_missing_explicit_acceptance
10_学习模块\M00_工具链与计算机基础\M00_工具链与计算机基础_适配教材.md,10_学习模块\M00_工具链与计算机基础\M00_工具链与计算机基础_适配教材.md,第 3 章：Python 解释器、pip 和虚拟环境,332,517,instructional,instructional,explicit_local_metadata,concept-like,False,False,False,False,True,False,False,False,False,True,True,False,False,True,0,True,14,0,14,candidate_missing_explicit_context;candidate_missing_explicit_objectives;candidate_missing_explicit_practice;candidate_missing_explicit_acceptance
10_学习模块\M00_工具链与计算机基础\M00_工具链与计算机基础_适配教材.md,10_学习模块\M00_工具链与计算机基础\M00_工具链与计算机基础_适配教材.md,第 4 章：Git 的真正作用,518,674,instructional,instructional,explicit_local_metadata,tutorial-like,False,False,False,False,True,False,False,False,False,True,True,False,False,True,4,False,5,0,5,candidate_missing_explicit_prerequisites;candidate_missing_expected_result;candidate_missing_explicit_objectives;candidate_missing_explicit_practice;candidate_missing_explicit_acceptance
10_学习模块\M00_工具链与计算机基础\M00_工具链与计算机基础_适配教材.md,10_学习模块\M00_工具链与计算机基础\M00_工具链与计算机基础_适配教材.md,第 5 章：日志和调试,675,819,instructional,instructional,explicit_local_metadata,tutorial-like,False,False,False,False,False,False,False,False,False,False,False,False,False,True,2,False,6,0,6,candidate_missing_explicit_prerequisites;candidate_missing_expected_result;candidate_missing_explicit_objectives;candidate_missing_explicit_examples;candidate_missing_explicit_practice;candidate_missing_explicit_acceptance
10_学习模块\M00_工具链与计算机基础\M00_工具链与计算机基础_适配教材.md,10_学习模块\M00_工具链与计算机基础\M00_工具链与计算机基础_适配教材.md,第 6 章：pytest 和最小质量保障,820,942,instructional,instructional,explicit_local_metadata,concept-like,False,False,False,False,False,False,False,False,False,False,False,False,False,True,0,False,5,0,5,candidate_missing_explicit_context;candidate_missing_explicit_objectives;candidate_missing_explicit_examples;candidate_missing_explicit_practice;candidate_missing_explicit_acceptance
10_学习模块\M00_工具链与计算机基础\M00_工具链与计算机基础_适配教材.md,10_学习模块\M00_工具链与计算机基础\M00_工具链与计算机基础_适配教材.md,第 6A 章：进程、信号、环境变量与文件权限,943,1072,instructional,instructional,explicit_local_metadata,tutorial-like,False,False,True,True,False,True,False,False,True,True,True,True,True,True,4,False,4,3,1,candidate_missing_explicit_prerequisites
10_学习模块\M00_工具链与计算机基础\M00_工具链与计算机基础_适配教材.md,10_学习模块\M00_工具链与计算机基础\M00_工具链与计算机基础_适配教材.md,第 7 章：HTTP、JSON 和服务交互,1073,1395,instructional,instructional,explicit_local_metadata,tutorial-like,False,True,True,True,False,True,True,True,True,True,True,True,True,True,8,True,13,11,2,
10_学习模块\M00_工具链与计算机基础\M00_工具链与计算机基础_适配教材.md,10_学习模块\M00_工具链与计算机基础\M00_工具链与计算机基础_适配教材.md,第 8 章：P01 贯通案例：task_sorter,1396,1610,instructional,instructional,explicit_local_metadata,tutorial-like,False,True,False,True,False,False,True,True,True,True,False,True,True,True,5,False,5,3,2,
10_学习模块\M00_工具链与计算机基础\M00_工具链与计算机基础_适配教材.md,10_学习模块\M00_工具链与计算机基础\M00_工具链与计算机基础_适配教材.md,第 9 章：学习检查,1611,1646,instructional,instructional,explicit_local_metadata,concept-like,False,False,False,False,False,False,False,False,False,False,False,False,True,False,0,False,0,0,0,candidate_missing_explicit_context;candidate_missing_explicit_objectives;candidate_missing_explicit_examples;candidate_missing_explicit_practice;candidate_missing_explicit_sources
10_学习模块\M00_工具链与计算机基础\M00_工具链与计算机基础_适配教材.md,10_学习模块\M00_工具链与计算机基础\M00_工具链与计算机基础_适配教材.md,第 10 章：本模块外部资料索引,1647,1672,reference,reference,explicit_local_metadata,reference,False,False,False,False,False,False,False,False,False,False,False,False,False,True,0,False,0,0,0,
10_学习模块\M00_工具链与计算机基础\M00_工具链与计算机基础_适配教材.md,10_学习模块\M00_工具链与计算机基础\M00_工具链与计算机基础_适配教材.md,第 11 章：暂时不要深入,1673,1701,appendix,appendix,explicit_local_metadata,appendix,False,False,False,False,False,False,False,False,False,False,False,False,False,False,0,True,1,0,1,
10_学习模块\M01_Python工程能力\M01_Python工程能力_适配教材.md,10_学习模块\M01_Python工程能力\M01_Python工程能力_适配教材.md,第 1 章：Python 工程能力到底是什么,94,187,instructional,instructional,explicit_local_metadata,concept-like,False,False,False,False,False,False,False,False,True,False,False,False,False,False,0,False,3,0,3,candidate_missing_explicit_context;candidate_missing_explicit_examples;candidate_missing_explicit_practice;candidate_missing_explicit_acceptance;candidate_missing_explicit_sources
10_学习模块\M01_Python工程能力\M01_Python工程能力_适配教材.md,10_学习模块\M01_Python工程能力\M01_Python工程能力_适配教材.md,第 2 章：从业务需求到数据模型,188,380,instructional,instructional,explicit_local_metadata,tutorial-like,True,False,False,False,False,False,False,False,False,False,False,False,False,True,3,False,7,0,7,candidate_missing_explicit_prerequisites;candidate_missing_expected_result;candidate_missing_explicit_objectives;candidate_missing_explicit_examples;candidate_missing_explicit_practice;candidate_missing_explicit_acceptance
10_学习模块\M01_Python工程能力\M01_Python工程能力_适配教材.md,10_学习模块\M01_Python工程能力\M01_Python工程能力_适配教材.md,第 3 章：函数：把规则变成可测试单元,381,599,instructional,instructional,explicit_local_metadata,tutorial-like,False,False,False,False,False,False,False,False,False,False,False,False,False,False,4,False,12,0,12,candidate_missing_explicit_prerequisites;candidate_missing_expected_result;candidate_missing_explicit_objectives;candidate_missing_explicit_examples;candidate_missing_explicit_practice;candidate_missing_explicit_acceptance;candidate_missing_explicit_sources
10_学习模块\M01_Python工程能力\M01_Python工程能力_适配教材.md,10_学习模块\M01_Python工程能力\M01_Python工程能力_适配教材.md,第 4 章：类型标注：让代码更容易被读懂,600,698,instructional,instructional,explicit_local_metadata,concept-like,False,False,False,False,False,False,False,False,False,False,False,False,False,False,0,False,3,0,3,candidate_missing_explicit_context;candidate_missing_explicit_objectives;candidate_missing_explicit_examples;candidate_missing_explicit_practice;candidate_missing_explicit_acceptance;candidate_missing_explicit_sources
10_学习模块\M01_Python工程能力\M01_Python工程能力_适配教材.md,10_学习模块\M01_Python工程能力\M01_Python工程能力_适配教材.md,第 5 章：模块和项目结构,699,824,instructional,instructional,explicit_local_metadata,tutorial-like,False,False,False,False,False,False,False,False,False,False,False,False,False,False,4,True,6,0,6,candidate_missing_explicit_prerequisites;candidate_missing_expected_result;candidate_missing_cleanup_for_stateful_work;candidate_missing_explicit_objectives;candidate_missing_explicit_examples;candidate_missing_explicit_practice;candidate_missing_explicit_acceptance;candidate_missing_explicit_sources
10_学习模块\M01_Python工程能力\M01_Python工程能力_适配教材.md,10_学习模块\M01_Python工程能力\M01_Python工程能力_适配教材.md,第 6 章：异常处理：让错误可理解,825,956,instructional,instructional,explicit_local_metadata,tutorial-like,False,False,False,False,False,False,False,False,False,False,False,False,False,False,4,False,6,0,6,candidate_missing_explicit_prerequisites;candidate_missing_expected_result;candidate_missing_explicit_objectives;candidate_missing_explicit_examples;candidate_missing_explicit_practice;candidate_missing_explicit_acceptance;candidate_missing_explicit_sources
10_学习模块\M01_Python工程能力\M01_Python工程能力_适配教材.md,10_学习模块\M01_Python工程能力\M01_Python工程能力_适配教材.md,第 7 章：文件、JSON 和 pathlib,957,1248,instructional,instructional,explicit_local_metadata,tutorial-like,False,True,True,True,False,False,True,True,True,True,True,True,True,True,10,False,8,8,0,
10_学习模块\M01_Python工程能力\M01_Python工程能力_适配教材.md,10_学习模块\M01_Python工程能力\M01_Python工程能力_适配教材.md,第 8 章：面向对象不是为了复杂，而是为了表达关系,1249,1385,instructional,instructional,explicit_local_metadata,tutorial-like,False,False,True,False,False,False,False,False,False,True,False,False,False,False,0,False,7,0,7,candidate_missing_explicit_prerequisites;candidate_missing_expected_result;candidate_missing_explicit_objectives;candidate_missing_explicit_practice;candidate_missing_explicit_acceptance;candidate_missing_explicit_sources
10_学习模块\M01_Python工程能力\M01_Python工程能力_适配教材.md,10_学习模块\M01_Python工程能力\M01_Python工程能力_适配教材.md,第 9 章：pytest 在 M01 中要学到什么程度,1386,1511,instructional,instructional,explicit_local_metadata,tutorial-like,False,False,False,False,False,False,False,False,False,False,False,False,False,False,4,False,9,0,9,candidate_missing_explicit_prerequisites;candidate_missing_expected_result;candidate_missing_explicit_objectives;candidate_missing_explicit_examples;candidate_missing_explicit_practice;candidate_missing_explicit_acceptance;candidate_missing_explicit_sources
10_学习模块\M01_Python工程能力\M01_Python工程能力_适配教材.md,10_学习模块\M01_Python工程能力\M01_Python工程能力_适配教材.md,第 10 章：贯通案例：从 task_sorter 到 Mini Scheduler,1512,1663,instructional,instructional,explicit_local_metadata,concept-like,False,False,False,False,False,False,False,False,False,True,False,False,False,False,0,False,7,0,7,candidate_missing_explicit_context;candidate_missing_explicit_objectives;candidate_missing_explicit_practice;candidate_missing_explicit_acceptance;candidate_missing_explicit_sources
10_学习模块\M01_Python工程能力\M01_Python工程能力_适配教材.md,10_学习模块\M01_Python工程能力\M01_Python工程能力_适配教材.md,第 11 章：常见坏味道和改进方式,1664,1748,instructional,instructional,explicit_local_metadata,concept-like,False,False,False,False,False,False,False,False,False,False,True,False,False,False,0,False,7,0,7,candidate_missing_explicit_context;candidate_missing_explicit_objectives;candidate_missing_explicit_examples;candidate_missing_explicit_practice;candidate_missing_explicit_acceptance;candidate_missing_explicit_sources
10_学习模块\M01_Python工程能力\M01_Python工程能力_适配教材.md,10_学习模块\M01_Python工程能力\M01_Python工程能力_适配教材.md,第 12 章：把工具组合成一个小工程（argparse 为主）,1749,2013,instructional,instructional,explicit_local_metadata,tutorial-like,False,True,True,True,True,True,True,True,True,True,True,True,True,True,2,True,9,4,5,
10_学习模块\M01_Python工程能力\M01_Python工程能力_适配教材.md,10_学习模块\M01_Python工程能力\M01_Python工程能力_适配教材.md,第 13 章：并发选择、事件循环与取消,2014,2156,instructional,instructional,explicit_local_metadata,tutorial-like,False,True,True,True,False,False,False,False,False,True,False,True,True,False,4,False,6,5,1,candidate_missing_explicit_objectives;candidate_missing_explicit_sources
10_学习模块\M01_Python工程能力\M01_Python工程能力_适配教材.md,10_学习模块\M01_Python工程能力\M01_Python工程能力_适配教材.md,第 14 章：本模块学习顺序,2157,2240,appendix,appendix,explicit_local_metadata,appendix,False,False,False,False,False,False,False,False,False,False,False,False,False,False,0,False,0,0,0,
10_学习模块\M01_Python工程能力\M01_Python工程能力_适配教材.md,10_学习模块\M01_Python工程能力\M01_Python工程能力_适配教材.md,第 15 章：学习检查,2241,2368,workbook,workbook,explicit_local_metadata,task-or-tutorial,False,False,False,True,False,False,False,False,False,False,False,False,True,False,0,False,7,0,7,candidate_missing_explicit_prerequisites;candidate_missing_ordered_procedure
10_学习模块\M01_Python工程能力\M01_Python工程能力_适配教材.md,10_学习模块\M01_Python工程能力\M01_Python工程能力_适配教材.md,第 16 章：外部资料索引,2369,2411,appendix,appendix,explicit_local_metadata,appendix,False,False,False,False,False,False,False,False,False,False,False,False,False,True,0,False,1,0,1,
10_学习模块\M02_后端API与服务化\M02_后端API与服务化_适配教材.md,10_学习模块\M02_后端API与服务化\M02_后端API与服务化_适配教材.md,第 1 章：为什么 M02 先学 API,110,226,instructional,instructional,explicit_local_metadata,concept-like,True,False,False,False,False,False,False,False,False,False,False,False,False,False,0,True,7,0,7,candidate_missing_explicit_objectives;candidate_missing_explicit_examples;candidate_missing_explicit_practice;candidate_missing_explicit_acceptance;candidate_missing_explicit_sources
10_学习模块\M02_后端API与服务化\M02_后端API与服务化_适配教材.md,10_学习模块\M02_后端API与服务化\M02_后端API与服务化_适配教材.md,第 2 章：REST 和资源建模,227,382,instructional,instructional,explicit_local_metadata,tutorial-like,True,True,True,True,False,False,True,True,True,True,True,True,True,True,8,False,3,1,2,
10_学习模块\M02_后端API与服务化\M02_后端API与服务化_适配教材.md,10_学习模块\M02_后端API与服务化\M02_后端API与服务化_适配教材.md,第 3 章：请求体和响应体,383,491,instructional,instructional,explicit_local_metadata,concept-like,True,False,False,False,False,False,False,False,False,False,False,False,False,False,0,False,4,0,4,candidate_missing_explicit_objectives;candidate_missing_explicit_examples;candidate_missing_explicit_practice;candidate_missing_explicit_acceptance;candidate_missing_explicit_sources
10_学习模块\M02_后端API与服务化\M02_后端API与服务化_适配教材.md,10_学习模块\M02_后端API与服务化\M02_后端API与服务化_适配教材.md,第 4 章：Pydantic 模型,492,738,instructional,instructional,explicit_local_metadata,tutorial-like,False,True,True,True,False,False,True,True,True,False,True,True,True,True,0,False,8,7,1,candidate_missing_explicit_examples
10_学习模块\M02_后端API与服务化\M02_后端API与服务化_适配教材.md,10_学习模块\M02_后端API与服务化\M02_后端API与服务化_适配教材.md,第 5 章：状态码和错误处理,739,866,instructional,instructional,explicit_local_metadata,concept-like,True,False,False,False,True,False,False,False,False,False,True,False,False,False,0,False,6,0,6,candidate_missing_explicit_objectives;candidate_missing_explicit_examples;candidate_missing_explicit_practice;candidate_missing_explicit_acceptance;candidate_missing_explicit_sources
10_学习模块\M02_后端API与服务化\M02_后端API与服务化_适配教材.md,10_学习模块\M02_后端API与服务化\M02_后端API与服务化_适配教材.md,第 6 章：项目分层,867,952,instructional,instructional,explicit_local_metadata,concept-like,True,False,False,False,False,False,False,True,False,False,False,False,False,False,0,True,3,0,3,candidate_missing_explicit_objectives;candidate_missing_explicit_examples;candidate_missing_explicit_practice;candidate_missing_explicit_acceptance;candidate_missing_explicit_sources
10_学习模块\M02_后端API与服务化\M02_后端API与服务化_适配教材.md,10_学习模块\M02_后端API与服务化\M02_后端API与服务化_适配教材.md,第 7 章：接口测试,953,1140,instructional,instructional,explicit_local_metadata,tutorial-like,True,True,False,True,True,False,True,True,True,True,True,True,True,True,3,False,7,0,7,
10_学习模块\M02_后端API与服务化\M02_后端API与服务化_适配教材.md,10_学习模块\M02_后端API与服务化\M02_后端API与服务化_适配教材.md,第 8 章：OpenAPI 自动文档,1141,1254,instructional,instructional,explicit_local_metadata,tutorial-like,False,True,True,True,True,True,True,True,True,True,False,True,True,True,0,True,3,2,1,
10_学习模块\M02_后端API与服务化\M02_后端API与服务化_适配教材.md,10_学习模块\M02_后端API与服务化\M02_后端API与服务化_适配教材.md,第 9 章：贯通案例：任务 API 服务,1255,1500,instructional,instructional,explicit_local_metadata,concept-like,False,True,False,False,False,True,True,True,True,True,False,False,False,True,0,False,8,2,6,candidate_missing_explicit_context;candidate_missing_explicit_practice;candidate_missing_explicit_acceptance
10_学习模块\M02_后端API与服务化\M02_后端API与服务化_适配教材.md,10_学习模块\M02_后端API与服务化\M02_后端API与服务化_适配教材.md,第 10 章：认证 Principal 与资源授权,1501,1672,instructional,instructional,explicit_local_metadata,tutorial-like,False,False,True,True,False,False,True,True,True,True,True,True,True,True,9,False,5,3,2,candidate_missing_explicit_prerequisites
10_学习模块\M02_后端API与服务化\M02_后端API与服务化_适配教材.md,10_学习模块\M02_后端API与服务化\M02_后端API与服务化_适配教材.md,第 11 章：请求生命周期、Middleware 与依赖注入,1673,1789,instructional,instructional,explicit_local_metadata,tutorial-like,False,True,False,True,False,False,False,False,True,True,True,False,True,False,7,False,5,1,4,candidate_missing_explicit_practice;candidate_missing_explicit_sources
10_学习模块\M02_后端API与服务化\M02_后端API与服务化_适配教材.md,10_学习模块\M02_后端API与服务化\M02_后端API与服务化_适配教材.md,第 12 章：Problem Details、分页与可恢复过载,1790,1871,instructional,instructional,explicit_local_metadata,tutorial-like,False,False,True,True,False,False,False,False,False,True,False,True,True,False,0,False,2,0,2,candidate_missing_explicit_prerequisites;candidate_missing_explicit_objectives;candidate_missing_explicit_sources
10_学习模块\M02_后端API与服务化\M02_后端API与服务化_适配教材.md,10_学习模块\M02_后端API与服务化\M02_后端API与服务化_适配教材.md,第 13 章：Deadline、幂等创建与版本 CAS,1872,1958,instructional,instructional,explicit_local_metadata,tutorial-like,False,False,True,True,False,False,False,False,False,True,False,True,True,False,0,False,2,1,1,candidate_missing_explicit_prerequisites;candidate_missing_explicit_objectives;candidate_missing_explicit_sources
10_学习模块\M02_后端API与服务化\M02_后端API与服务化_适配教材.md,10_学习模块\M02_后端API与服务化\M02_后端API与服务化_适配教材.md,第 14 章：学习顺序,1959,2066,appendix,appendix,explicit_local_metadata,appendix,False,False,False,False,False,False,False,False,False,False,False,False,False,False,0,False,0,0,0,
10_学习模块\M02_后端API与服务化\M02_后端API与服务化_适配教材.md,10_学习模块\M02_后端API与服务化\M02_后端API与服务化_适配教材.md,第 15 章：学习检查,2067,2134,workbook,workbook,explicit_local_metadata,task-or-tutorial,False,False,False,True,False,False,False,False,False,False,False,False,True,False,0,False,1,0,1,candidate_missing_explicit_prerequisites;candidate_missing_ordered_procedure
10_学习模块\M02_后端API与服务化\M02_后端API与服务化_适配教材.md,10_学习模块\M02_后端API与服务化\M02_后端API与服务化_适配教材.md,第 16 章：外部资料索引,2135,2178,appendix,appendix,explicit_local_metadata,appendix,False,False,False,False,False,False,False,False,False,False,False,False,False,True,0,False,1,0,1,
10_学习模块\M03_RAG工程\M03_RAG工程_适配教材.md,10_学习模块\M03_RAG工程\M03_RAG工程_适配教材.md,第 1 章：为什么 RAG 是 AI workload 的起点,90,214,instructional,instructional,explicit_local_metadata,tutorial-like,True,False,True,True,True,False,False,False,True,False,True,True,True,False,0,False,5,0,5,candidate_missing_explicit_prerequisites;candidate_missing_explicit_examples;candidate_missing_explicit_sources
10_学习模块\M03_RAG工程\M03_RAG工程_适配教材.md,10_学习模块\M03_RAG工程\M03_RAG工程_适配教材.md,第 2 章：文档进入系统,215,528,instructional,instructional,explicit_local_metadata,tutorial-like,True,False,True,True,True,False,False,False,True,False,True,True,True,False,0,True,8,0,8,candidate_missing_explicit_prerequisites;candidate_missing_cleanup_for_stateful_work;candidate_missing_explicit_examples;candidate_missing_explicit_sources
10_学习模块\M03_RAG工程\M03_RAG工程_适配教材.md,10_学习模块\M03_RAG工程\M03_RAG工程_适配教材.md,第 3 章：chunk 策略,529,707,instructional,instructional,explicit_local_metadata,concept-like,True,False,False,True,True,False,False,False,True,False,True,False,True,False,0,False,8,0,8,candidate_missing_explicit_examples;candidate_missing_explicit_practice;candidate_missing_explicit_sources
10_学习模块\M03_RAG工程\M03_RAG工程_适配教材.md,10_学习模块\M03_RAG工程\M03_RAG工程_适配教材.md,第 4 章：embedding 和向量检索,708,1008,instructional,instructional,explicit_local_metadata,tutorial-like,False,False,True,True,True,False,False,False,True,True,True,True,True,True,4,False,12,1,11,candidate_missing_explicit_prerequisites
10_学习模块\M03_RAG工程\M03_RAG工程_适配教材.md,10_学习模块\M03_RAG工程\M03_RAG工程_适配教材.md,第 5 章：从检索到回答与引用,1009,1173,instructional,instructional,explicit_local_metadata,tutorial-like,False,False,True,True,True,False,False,False,True,False,True,True,True,False,0,False,7,0,7,candidate_missing_explicit_prerequisites;candidate_missing_explicit_examples;candidate_missing_explicit_sources
10_学习模块\M03_RAG工程\M03_RAG工程_适配教材.md,10_学习模块\M03_RAG工程\M03_RAG工程_适配教材.md,第 6 章：RAG 评估与失败处理,1174,1325,instructional,instructional,explicit_local_metadata,tutorial-like,False,False,True,True,True,False,False,False,True,True,True,True,True,False,0,False,6,0,6,candidate_missing_explicit_prerequisites;candidate_missing_explicit_sources
10_学习模块\M03_RAG工程\M03_RAG工程_适配教材.md,10_学习模块\M03_RAG工程\M03_RAG工程_适配教材.md,第 7 章：metadata 权限过滤,1326,1603,instructional,instructional,explicit_local_metadata,concept-like,True,False,False,True,True,False,False,False,True,False,True,False,True,False,0,False,9,1,8,candidate_missing_explicit_examples;candidate_missing_explicit_practice;candidate_missing_explicit_sources
10_学习模块\M03_RAG工程\M03_RAG工程_适配教材.md,10_学习模块\M03_RAG工程\M03_RAG工程_适配教材.md,第 8 章：把 RAG 请求接入 P03,1604,1732,design-note,design-note,explicit_local_metadata,design-note,False,False,False,True,True,False,False,False,True,False,True,False,True,False,0,False,5,0,5,
10_学习模块\M03_RAG工程\M03_RAG工程_适配教材.md,10_学习模块\M03_RAG工程\M03_RAG工程_适配教材.md,第 9 章：第一轮学习顺序,1835,1879,appendix,appendix,explicit_local_metadata,appendix,False,False,False,False,False,False,False,False,False,False,False,False,True,False,8,False,0,0,0,
10_学习模块\M03_RAG工程\M03_RAG工程_适配教材.md,10_学习模块\M03_RAG工程\M03_RAG工程_适配教材.md,第 10 章：外部资料怎么用,1880,1931,reference,reference,explicit_local_metadata,reference,False,False,False,False,False,False,False,False,False,False,False,False,False,True,0,False,1,0,1,
10_学习模块\M04_Agent工作流\M04_Agent工作流_适配教材.md,10_学习模块\M04_Agent工作流\M04_Agent工作流_适配教材.md,第 1 章：为什么 Agent 工作流必须可控,114,216,instructional,instructional,explicit_local_metadata,tutorial-like,True,False,True,True,True,False,False,False,True,False,True,True,True,False,0,False,5,0,5,candidate_missing_explicit_prerequisites;candidate_missing_explicit_examples;candidate_missing_explicit_sources
10_学习模块\M04_Agent工作流\M04_Agent工作流_适配教材.md,10_学习模块\M04_Agent工作流\M04_Agent工作流_适配教材.md,第 2 章：工具调用，Agent 如何做事,217,391,instructional,instructional,explicit_local_metadata,tutorial-like,True,False,True,True,True,False,True,True,True,True,True,True,True,False,3,False,5,0,5,candidate_missing_explicit_prerequisites;candidate_missing_explicit_sources
10_学习模块\M04_Agent工作流\M04_Agent工作流_适配教材.md,10_学习模块\M04_Agent工作流\M04_Agent工作流_适配教材.md,第 3 章：状态，Agent 为什么不能只保存最终结果,392,537,instructional,instructional,explicit_local_metadata,tutorial-like,True,False,True,True,True,False,False,False,True,False,True,True,True,False,0,False,7,0,7,candidate_missing_explicit_prerequisites;candidate_missing_explicit_examples;candidate_missing_explicit_sources
10_学习模块\M04_Agent工作流\M04_Agent工作流_适配教材.md,10_学习模块\M04_Agent工作流\M04_Agent工作流_适配教材.md,第 4 章：固定工作流，先不要做开放式自动规划,538,654,instructional,instructional,explicit_local_metadata,tutorial-like,True,False,True,True,True,False,False,False,True,False,True,True,True,False,0,False,4,0,4,candidate_missing_explicit_prerequisites;candidate_missing_explicit_examples;candidate_missing_explicit_sources
10_学习模块\M04_Agent工作流\M04_Agent工作流_适配教材.md,10_学习模块\M04_Agent工作流\M04_Agent工作流_适配教材.md,第 5 章：失败处理和重试,655,786,instructional,instructional,explicit_local_metadata,tutorial-like,True,False,True,True,True,False,False,False,True,False,True,True,True,False,6,False,6,0,6,candidate_missing_explicit_prerequisites;candidate_missing_explicit_examples;candidate_missing_explicit_sources
10_学习模块\M04_Agent工作流\M04_Agent工作流_适配教材.md,10_学习模块\M04_Agent工作流\M04_Agent工作流_适配教材.md,第 6 章：人工确认，人必须能接管关键步骤,787,1079,design-note,design-note,explicit_local_metadata,design-note,True,False,True,True,True,False,False,False,True,False,True,True,True,False,0,False,5,0,5,
10_学习模块\M04_Agent工作流\M04_Agent工作流_适配教材.md,10_学习模块\M04_Agent工作流\M04_Agent工作流_适配教材.md,第 7 章：Agent 和 M05 调度的连接,1080,1173,design-note,design-note,explicit_local_metadata,design-note,True,False,True,True,True,False,False,False,True,False,True,True,True,False,0,False,4,0,4,
10_学习模块\M04_Agent工作流\M04_Agent工作流_适配教材.md,10_学习模块\M04_Agent工作流\M04_Agent工作流_适配教材.md,第 8 章：日志和监控，Agent 每一步都要能复盘,1174,1268,design-note,design-note,explicit_local_metadata,design-note,True,False,True,True,True,False,False,False,True,False,True,True,True,False,0,False,1,0,1,
10_学习模块\M04_Agent工作流\M04_Agent工作流_适配教材.md,10_学习模块\M04_Agent工作流\M04_Agent工作流_适配教材.md,第 9 章：安全和权限的第一层边界,1269,1430,instructional,instructional,explicit_local_metadata,tutorial-like,True,False,True,True,False,False,False,False,True,False,False,True,True,False,0,False,5,0,5,candidate_missing_explicit_prerequisites;candidate_missing_explicit_examples;candidate_missing_explicit_sources
10_学习模块\M04_Agent工作流\M04_Agent工作流_适配教材.md,10_学习模块\M04_Agent工作流\M04_Agent工作流_适配教材.md,第 10 章：从零实现最小 Agent Runtime,1431,1789,design-note,design-note,explicit_local_metadata,design-note,True,False,True,True,True,False,False,False,True,False,True,True,True,True,6,False,9,0,9,
10_学习模块\M05_任务队列与调度\M05_任务队列与调度_章节教材.md,10_学习模块\M05_任务队列与调度\教材章节\00_这门小教材怎么学.md,第 0 章：这门小教材怎么学,1,184,instructional,instructional,explicit_local_metadata,tutorial-like,False,False,False,True,True,False,False,False,True,False,True,True,True,True,5,False,5,0,5,candidate_missing_explicit_prerequisites;candidate_missing_explicit_examples
10_学习模块\M05_任务队列与调度\M05_任务队列与调度_章节教材.md,10_学习模块\M05_任务队列与调度\教材章节\01_为什么调度不是简单排序.md,第 1 章：为什么调度不是简单排序,1,348,instructional,instructional,explicit_local_metadata,tutorial-like,True,False,False,True,True,False,True,False,True,True,True,True,True,False,7,False,13,0,13,candidate_missing_explicit_prerequisites;candidate_missing_explicit_sources
10_学习模块\M05_任务队列与调度\M05_任务队列与调度_章节教材.md,10_学习模块\M05_任务队列与调度\教材章节\02_Task_Worker_Queue_最小模型.md,第 2 章：Task / Worker / Queue 最小模型,1,728,instructional,instructional,explicit_local_metadata,tutorial-like,True,False,False,True,True,False,False,False,True,True,True,True,True,False,7,False,40,0,40,candidate_missing_explicit_prerequisites;candidate_missing_explicit_sources
10_学习模块\M05_任务队列与调度\M05_任务队列与调度_章节教材.md,10_学习模块\M05_任务队列与调度\教材章节\03_FIFO_baseline.md,第 3 章：FIFO baseline,1,587,instructional,instructional,explicit_local_metadata,tutorial-like,True,False,True,True,True,False,False,True,True,True,True,True,True,False,11,False,38,0,38,candidate_missing_explicit_prerequisites;candidate_missing_explicit_sources
10_学习模块\M05_任务队列与调度\M05_任务队列与调度_章节教材.md,10_学习模块\M05_任务队列与调度\教材章节\04_Priority_和业务优先级.md,第 4 章：Priority 和业务优先级,1,543,instructional,instructional,explicit_local_metadata,tutorial-like,True,False,False,True,True,False,False,False,True,False,True,True,True,False,14,False,33,0,33,candidate_missing_explicit_prerequisites;candidate_missing_explicit_examples;candidate_missing_explicit_sources
10_学习模块\M05_任务队列与调度\M05_任务队列与调度_章节教材.md,10_学习模块\M05_任务队列与调度\教材章节\05_SJF_和平均等待时间.md,第 5 章：SJF 和平均等待时间,1,570,instructional,instructional,explicit_local_metadata,tutorial-like,False,False,False,True,True,False,False,False,True,False,True,True,True,False,7,False,37,0,37,candidate_missing_explicit_prerequisites;candidate_missing_explicit_examples;candidate_missing_explicit_sources
10_学习模块\M05_任务队列与调度\M05_任务队列与调度_章节教材.md,10_学习模块\M05_任务队列与调度\教材章节\06_指标_average_P95_P99_utilization.md,第 6 章：指标：average / P95 / P99 / utilization,1,621,instructional,instructional,explicit_local_metadata,tutorial-like,True,False,False,True,True,False,False,True,True,True,True,True,True,False,7,False,40,0,40,candidate_missing_explicit_prerequisites;candidate_missing_explicit_sources
10_学习模块\M05_任务队列与调度\M05_任务队列与调度_章节教材.md,10_学习模块\M05_任务队列与调度\教材章节\07_高峰负载实验.md,第 7 章：高峰负载实验,1,845,instructional,instructional,explicit_local_metadata,tutorial-like,True,False,False,True,True,False,True,False,True,False,True,True,True,False,10,False,63,0,63,candidate_missing_explicit_prerequisites;candidate_missing_explicit_examples;candidate_missing_explicit_sources
10_学习模块\M05_任务队列与调度\M05_任务队列与调度_章节教材.md,10_学习模块\M05_任务队列与调度\教材章节\08_Cost-aware_调度.md,第 8 章：Cost-aware 调度,1,744,instructional,instructional,explicit_local_metadata,tutorial-like,True,False,False,True,True,False,True,False,True,False,True,True,True,False,10,False,59,0,59,candidate_missing_explicit_prerequisites;candidate_missing_explicit_examples;candidate_missing_explicit_sources
10_学习模块\M05_任务队列与调度\M05_任务队列与调度_章节教材.md,10_学习模块\M05_任务队列与调度\教材章节\09_分组分析_谁被牺牲了.md,第 9 章：分组分析：谁被牺牲了,1,612,instructional,instructional,explicit_local_metadata,tutorial-like,True,False,False,True,True,False,True,False,True,False,True,True,True,False,9,False,49,0,49,candidate_missing_explicit_prerequisites;candidate_missing_explicit_examples;candidate_missing_explicit_sources
10_学习模块\M05_任务队列与调度\M05_任务队列与调度_章节教材.md,10_学习模块\M05_任务队列与调度\教材章节\10_Aging_最大等待保护.md,第 10 章：Aging / 最大等待保护,1,710,instructional,instructional,explicit_local_metadata,tutorial-like,True,False,False,True,True,False,True,False,True,False,True,True,True,False,9,False,56,0,56,candidate_missing_explicit_prerequisites;candidate_missing_explicit_examples;candidate_missing_explicit_sources
10_学习模块\M05_任务队列与调度\M05_任务队列与调度_章节教材.md,10_学习模块\M05_任务队列与调度\教材章节\11_多_worker_与资源利用率.md,第 11 章：多 worker 与资源利用率,1,614,instructional,instructional,explicit_local_metadata,tutorial-like,True,False,False,True,True,False,True,False,True,False,True,True,True,False,8,False,52,0,52,candidate_missing_explicit_prerequisites;candidate_missing_explicit_examples;candidate_missing_explicit_sources
10_学习模块\M05_任务队列与调度\M05_任务队列与调度_章节教材.md,10_学习模块\M05_任务队列与调度\教材章节\12_项目总结与复盘.md,第 12 章：项目总结与复盘,1,478,instructional,instructional,explicit_local_metadata,tutorial-like,False,False,False,True,True,False,True,True,True,False,True,True,True,False,10,False,24,0,24,candidate_missing_explicit_prerequisites;candidate_missing_explicit_examples;candidate_missing_explicit_sources
10_学习模块\M06_数据库缓存与异步任务\M06_数据库缓存与异步任务_适配教材.md,10_学习模块\M06_数据库缓存与异步任务\M06_数据库缓存与异步任务_适配教材.md,第 1 章：为什么 M06 是从脚本到系统的分界线,128,273,instructional,instructional,explicit_local_metadata,tutorial-like,True,False,True,True,True,False,False,False,True,True,True,True,True,True,0,True,8,0,8,candidate_missing_explicit_prerequisites;candidate_missing_cleanup_for_stateful_work
10_学习模块\M06_数据库缓存与异步任务\M06_数据库缓存与异步任务_适配教材.md,10_学习模块\M06_数据库缓存与异步任务\M06_数据库缓存与异步任务_适配教材.md,第 2 章：SQL 和任务状态表,274,438,instructional,instructional,explicit_local_metadata,tutorial-like,True,False,True,True,True,False,False,False,True,True,True,True,True,True,0,False,6,0,6,candidate_missing_explicit_prerequisites
10_学习模块\M06_数据库缓存与异步任务\M06_数据库缓存与异步任务_适配教材.md,10_学习模块\M06_数据库缓存与异步任务\M06_数据库缓存与异步任务_适配教材.md,第 2A 章：数据库正确性、查询计划与并发先修,439,543,instructional,instructional,explicit_local_metadata,tutorial-like,False,True,True,True,False,False,False,False,True,True,True,True,True,True,3,True,4,0,4,candidate_missing_cleanup_for_stateful_work
10_学习模块\M06_数据库缓存与异步任务\M06_数据库缓存与异步任务_适配教材.md,10_学习模块\M06_数据库缓存与异步任务\M06_数据库缓存与异步任务_适配教材.md,第 3 章：从 API 到 Repository,544,699,instructional,instructional,explicit_local_metadata,tutorial-like,True,False,True,True,True,False,False,False,True,True,True,True,True,True,0,False,5,0,5,candidate_missing_explicit_prerequisites
10_学习模块\M06_数据库缓存与异步任务\M06_数据库缓存与异步任务_适配教材.md,10_学习模块\M06_数据库缓存与异步任务\M06_数据库缓存与异步任务_适配教材.md,第 4 章：任务状态流转,700,904,instructional,instructional,explicit_local_metadata,tutorial-like,False,False,True,True,True,False,False,False,True,True,True,True,True,True,0,False,8,0,8,candidate_missing_explicit_prerequisites
10_学习模块\M06_数据库缓存与异步任务\M06_数据库缓存与异步任务_适配教材.md,10_学习模块\M06_数据库缓存与异步任务\M06_数据库缓存与异步任务_适配教材.md,第 5 章：Redis 缓存,905,1027,instructional,instructional,explicit_local_metadata,tutorial-like,False,False,True,True,True,False,False,False,True,True,True,True,True,True,2,True,4,0,4,candidate_missing_explicit_prerequisites;candidate_missing_cleanup_for_stateful_work
10_学习模块\M06_数据库缓存与异步任务\M06_数据库缓存与异步任务_适配教材.md,10_学习模块\M06_数据库缓存与异步任务\M06_数据库缓存与异步任务_适配教材.md,第 6 章：异步任务队列,1028,1229,instructional,instructional,explicit_local_metadata,tutorial-like,True,False,True,True,True,False,False,False,True,True,True,True,True,True,0,False,9,0,9,candidate_missing_explicit_prerequisites
10_学习模块\M06_数据库缓存与异步任务\M06_数据库缓存与异步任务_适配教材.md,10_学习模块\M06_数据库缓存与异步任务\M06_数据库缓存与异步任务_适配教材.md,第 6A 章：从 crash point 推导分布式失效语义,1230,1327,instructional,instructional,explicit_local_metadata,tutorial-like,True,False,True,True,False,False,False,False,True,True,True,True,True,True,0,False,3,0,3,candidate_missing_explicit_prerequisites
10_学习模块\M06_数据库缓存与异步任务\M06_数据库缓存与异步任务_适配教材.md,10_学习模块\M06_数据库缓存与异步任务\M06_数据库缓存与异步任务_适配教材.md,第 7 章：失败重试和幂等性,1328,1547,instructional,instructional,explicit_local_metadata,tutorial-like,False,False,True,True,True,False,False,False,True,True,True,True,True,True,0,False,11,0,11,candidate_missing_explicit_prerequisites
10_学习模块\M06_数据库缓存与异步任务\M06_数据库缓存与异步任务_适配教材.md,10_学习模块\M06_数据库缓存与异步任务\M06_数据库缓存与异步任务_适配教材.md,第 8 章：任务结果、日志和 metrics,1548,1694,instructional,instructional,explicit_local_metadata,tutorial-like,True,False,True,True,True,False,False,False,True,True,True,True,True,True,0,False,5,0,5,candidate_missing_explicit_prerequisites
10_学习模块\M06_数据库缓存与异步任务\M06_数据库缓存与异步任务_适配教材.md,10_学习模块\M06_数据库缓存与异步任务\M06_数据库缓存与异步任务_适配教材.md,第 9 章：第一轮学习顺序,1787,1963,appendix,appendix,explicit_local_metadata,appendix,False,False,True,False,False,False,False,False,False,False,False,True,True,False,11,False,7,0,7,
10_学习模块\M06_数据库缓存与异步任务\M06_数据库缓存与异步任务_适配教材.md,10_学习模块\M06_数据库缓存与异步任务\M06_数据库缓存与异步任务_适配教材.md,第 10 章：外部资料怎么用,1964,2006,reference,reference,explicit_local_metadata,reference,False,False,False,False,False,False,False,False,False,False,False,False,False,True,0,False,1,0,1,
10_学习模块\M07_Docker与容器化\M07_Docker与容器化_适配教材.md,10_学习模块\M07_Docker与容器化\M07_Docker与容器化_适配教材.md,第 1 章：为什么需要容器化,106,182,instructional,instructional,explicit_local_metadata,tutorial-like,True,False,True,True,True,False,False,False,True,False,True,True,True,False,0,True,4,0,4,candidate_missing_explicit_prerequisites;candidate_missing_cleanup_for_stateful_work;candidate_missing_explicit_examples;candidate_missing_explicit_sources
10_学习模块\M07_Docker与容器化\M07_Docker与容器化_适配教材.md,10_学习模块\M07_Docker与容器化\M07_Docker与容器化_适配教材.md,第 2 章：image 和 container,183,271,instructional,instructional,explicit_local_metadata,tutorial-like,False,False,True,True,True,False,False,False,True,False,True,True,True,False,0,True,5,0,5,candidate_missing_explicit_prerequisites;candidate_missing_cleanup_for_stateful_work;candidate_missing_explicit_examples;candidate_missing_explicit_sources
10_学习模块\M07_Docker与容器化\M07_Docker与容器化_适配教材.md,10_学习模块\M07_Docker与容器化\M07_Docker与容器化_适配教材.md,第 3 章：最小项目结构,272,356,instructional,instructional,explicit_local_metadata,tutorial-like,True,False,True,True,True,False,False,False,True,False,True,True,True,False,0,True,3,0,3,candidate_missing_explicit_prerequisites;candidate_missing_cleanup_for_stateful_work;candidate_missing_explicit_examples;candidate_missing_explicit_sources
10_学习模块\M07_Docker与容器化\M07_Docker与容器化_适配教材.md,10_学习模块\M07_Docker与容器化\M07_Docker与容器化_适配教材.md,第 4 章：最小 Dockerfile,357,492,instructional,instructional,explicit_local_metadata,tutorial-like,True,False,True,True,True,False,False,False,True,False,True,True,True,False,0,True,5,0,5,candidate_missing_explicit_prerequisites;candidate_missing_cleanup_for_stateful_work;candidate_missing_explicit_examples;candidate_missing_explicit_sources
10_学习模块\M07_Docker与容器化\M07_Docker与容器化_适配教材.md,10_学习模块\M07_Docker与容器化\M07_Docker与容器化_适配教材.md,第 5 章：volume 和数据持久化,493,580,instructional,instructional,explicit_local_metadata,tutorial-like,True,False,True,True,True,False,False,False,True,False,True,True,True,False,0,True,3,0,3,candidate_missing_explicit_prerequisites;candidate_missing_cleanup_for_stateful_work;candidate_missing_explicit_examples;candidate_missing_explicit_sources
10_学习模块\M07_Docker与容器化\M07_Docker与容器化_适配教材.md,10_学习模块\M07_Docker与容器化\M07_Docker与容器化_适配教材.md,第 6 章：network 和服务互通,581,665,instructional,instructional,explicit_local_metadata,tutorial-like,False,False,True,True,True,False,False,False,True,False,True,True,True,False,0,True,6,0,6,candidate_missing_explicit_prerequisites;candidate_missing_cleanup_for_stateful_work;candidate_missing_explicit_examples;candidate_missing_explicit_sources
10_学习模块\M07_Docker与容器化\M07_Docker与容器化_适配教材.md,10_学习模块\M07_Docker与容器化\M07_Docker与容器化_适配教材.md,第 7 章：docker compose 串起 P03,666,789,design-note,design-note,explicit_local_metadata,design-note,False,False,True,True,True,False,False,False,True,False,True,True,True,False,0,True,5,0,5,
10_学习模块\M07_Docker与容器化\M07_Docker与容器化_适配教材.md,10_学习模块\M07_Docker与容器化\M07_Docker与容器化_适配教材.md,第 8 章：环境变量,790,860,instructional,instructional,explicit_local_metadata,tutorial-like,False,False,True,True,True,False,False,False,True,False,True,True,True,False,0,False,3,0,3,candidate_missing_explicit_prerequisites;candidate_missing_explicit_examples;candidate_missing_explicit_sources
10_学习模块\M07_Docker与容器化\M07_Docker与容器化_适配教材.md,10_学习模块\M07_Docker与容器化\M07_Docker与容器化_适配教材.md,第 9 章：日志和排查,861,927,instructional,instructional,explicit_local_metadata,tutorial-like,False,False,True,True,False,False,False,False,True,False,False,True,True,False,0,True,3,0,3,candidate_missing_explicit_prerequisites;candidate_missing_cleanup_for_stateful_work;candidate_missing_explicit_examples;candidate_missing_explicit_sources
10_学习模块\M07_Docker与容器化\M07_Docker与容器化_适配教材.md,10_学习模块\M07_Docker与容器化\M07_Docker与容器化_适配教材.md,第 10 章：第一轮学习顺序,964,997,appendix,appendix,explicit_local_metadata,appendix,False,False,False,False,False,False,False,False,False,False,False,False,True,False,8,True,0,0,0,
10_学习模块\M07_Docker与容器化\M07_Docker与容器化_适配教材.md,10_学习模块\M07_Docker与容器化\M07_Docker与容器化_适配教材.md,第 11 章：外部资料怎么用,998,1025,reference,reference,explicit_local_metadata,reference,False,False,False,False,False,False,False,False,False,False,False,False,False,True,0,True,0,0,0,
10_学习模块\M08_监控压测与可观测性\M08_监控压测与可观测性_适配教材.md,10_学习模块\M08_监控压测与可观测性\M08_监控压测与可观测性_适配教材.md,第 1 章：为什么需要可观测性,135,233,instructional,instructional,explicit_local_metadata,tutorial-like,True,False,True,True,True,False,False,False,True,False,True,True,True,False,0,False,5,0,5,candidate_missing_explicit_prerequisites;candidate_missing_explicit_examples;candidate_missing_explicit_sources
10_学习模块\M08_监控压测与可观测性\M08_监控压测与可观测性_适配教材.md,10_学习模块\M08_监控压测与可观测性\M08_监控压测与可观测性_适配教材.md,第 2 章：日志，先让问题能被解释,234,375,instructional,instructional,explicit_local_metadata,tutorial-like,True,False,True,True,True,False,False,False,True,True,True,True,True,False,5,False,5,0,5,candidate_missing_explicit_prerequisites;candidate_missing_explicit_sources
10_学习模块\M08_监控压测与可观测性\M08_监控压测与可观测性_适配教材.md,10_学习模块\M08_监控压测与可观测性\M08_监控压测与可观测性_适配教材.md,第 3 章：metrics，给系统建立仪表盘语言,376,567,instructional,instructional,explicit_local_metadata,tutorial-like,True,False,True,True,True,False,False,False,True,True,True,True,True,False,6,False,8,0,8,candidate_missing_explicit_prerequisites;candidate_missing_explicit_sources
10_学习模块\M08_监控压测与可观测性\M08_监控压测与可观测性_适配教材.md,10_学习模块\M08_监控压测与可观测性\M08_监控压测与可观测性_适配教材.md,第 4 章：P95/P99，别被平均值骗了,568,687,instructional,instructional,explicit_local_metadata,tutorial-like,True,False,True,True,True,False,False,False,True,True,True,True,True,False,3,False,4,0,4,candidate_missing_explicit_prerequisites;candidate_missing_explicit_sources
10_学习模块\M08_监控压测与可观测性\M08_监控压测与可观测性_适配教材.md,10_学习模块\M08_监控压测与可观测性\M08_监控压测与可观测性_适配教材.md,第 5 章：吞吐、错误率、队列长度和 worker utilization,688,829,instructional,instructional,explicit_local_metadata,tutorial-like,True,False,True,True,False,False,False,False,True,False,False,True,True,False,3,False,8,0,8,candidate_missing_explicit_prerequisites;candidate_missing_explicit_examples;candidate_missing_explicit_sources
10_学习模块\M08_监控压测与可观测性\M08_监控压测与可观测性_适配教材.md,10_学习模块\M08_监控压测与可观测性\M08_监控压测与可观测性_适配教材.md,第 6 章：tracing 基础，理解一次请求的路径,830,933,instructional,instructional,explicit_local_metadata,tutorial-like,True,False,True,True,True,False,False,False,True,False,True,True,True,False,0,False,3,0,3,candidate_missing_explicit_prerequisites;candidate_missing_explicit_examples;candidate_missing_explicit_sources
10_学习模块\M08_监控压测与可观测性\M08_监控压测与可观测性_适配教材.md,10_学习模块\M08_监控压测与可观测性\M08_监控压测与可观测性_适配教材.md,第 7 章：压测实验设计,934,1096,instructional,instructional,explicit_local_metadata,tutorial-like,True,False,False,False,False,False,True,False,True,True,False,False,False,False,5,False,7,0,7,candidate_missing_explicit_prerequisites;candidate_missing_expected_result;candidate_missing_explicit_practice;candidate_missing_explicit_acceptance;candidate_missing_explicit_sources
10_学习模块\M08_监控压测与可观测性\M08_监控压测与可观测性_适配教材.md,10_学习模块\M08_监控压测与可观测性\M08_监控压测与可观测性_适配教材.md,第 7.5 章：负载测量和实验阶段,1097,1173,instructional,instructional,explicit_local_metadata,tutorial-like,False,False,False,False,False,False,True,False,False,False,False,False,False,False,5,False,2,0,2,candidate_missing_explicit_prerequisites;candidate_missing_expected_result;candidate_missing_explicit_objectives;candidate_missing_explicit_examples;candidate_missing_explicit_practice;candidate_missing_explicit_acceptance;candidate_missing_explicit_sources
10_学习模块\M08_监控压测与可观测性\M08_监控压测与可观测性_适配教材.md,10_学习模块\M08_监控压测与可观测性\M08_监控压测与可观测性_适配教材.md,第 7.6 章：饱和点、固定回放和实验判定,1174,1392,instructional,instructional,explicit_local_metadata,tutorial-like,False,False,True,True,True,False,True,False,False,False,True,True,True,False,5,False,7,0,7,candidate_missing_explicit_prerequisites;candidate_missing_explicit_objectives;candidate_missing_explicit_examples;candidate_missing_explicit_sources
10_学习模块\M08_监控压测与可观测性\M08_监控压测与可观测性_适配教材.md,10_学习模块\M08_监控压测与可观测性\M08_监控压测与可观测性_适配教材.md,第 8 章：从 M05 调度实验到真实服务监控,1393,1497,instructional,instructional,explicit_local_metadata,tutorial-like,True,False,True,True,True,False,False,False,True,False,True,True,True,False,2,False,5,0,5,candidate_missing_explicit_prerequisites;candidate_missing_explicit_examples;candidate_missing_explicit_sources
10_学习模块\M08_监控压测与可观测性\M08_监控压测与可观测性_适配教材.md,10_学习模块\M08_监控压测与可观测性\M08_监控压测与可观测性_适配教材.md,第 9 章：常见误判和排查顺序,1498,1602,instructional,instructional,explicit_local_metadata,tutorial-like,True,False,True,True,False,False,False,False,True,False,False,True,True,False,3,False,6,0,6,candidate_missing_explicit_prerequisites;candidate_missing_explicit_examples;candidate_missing_explicit_sources
10_学习模块\M08_监控压测与可观测性\M08_监控压测与可观测性_适配教材.md,10_学习模块\M08_监控压测与可观测性\M08_监控压测与可观测性_适配教材.md,第 10 章：报告模板,1603,1725,instructional,instructional,explicit_local_metadata,tutorial-like,True,False,True,True,False,False,True,False,True,False,False,True,True,False,0,False,5,0,5,candidate_missing_explicit_prerequisites;candidate_missing_explicit_examples;candidate_missing_explicit_sources
10_学习模块\M09_Kubernetes与云原生\M09_Kubernetes与云原生_适配教材.md,10_学习模块\M09_Kubernetes与云原生\M09_Kubernetes与云原生_适配教材.md,第 1 章：Kubernetes 解决什么问题,132,220,instructional,instructional,explicit_local_metadata,tutorial-like,True,False,True,True,True,False,False,False,True,False,True,True,True,False,0,True,3,0,3,candidate_missing_explicit_prerequisites;candidate_missing_cleanup_for_stateful_work;candidate_missing_explicit_examples;candidate_missing_explicit_sources
10_学习模块\M09_Kubernetes与云原生\M09_Kubernetes与云原生_适配教材.md,10_学习模块\M09_Kubernetes与云原生\M09_Kubernetes与云原生_适配教材.md,第 2 章：Pod，Kubernetes 的最小运行单元,221,368,instructional,instructional,explicit_local_metadata,tutorial-like,True,False,False,True,True,False,False,False,True,True,True,True,True,True,0,True,8,0,8,candidate_missing_explicit_prerequisites;candidate_missing_ordered_procedure;candidate_missing_cleanup_for_stateful_work
10_学习模块\M09_Kubernetes与云原生\M09_Kubernetes与云原生_适配教材.md,10_学习模块\M09_Kubernetes与云原生\M09_Kubernetes与云原生_适配教材.md,第 3 章：Deployment，管理长期运行服务,369,524,instructional,instructional,explicit_local_metadata,tutorial-like,True,False,False,True,True,False,False,False,True,False,True,True,True,True,0,True,8,0,8,candidate_missing_explicit_prerequisites;candidate_missing_ordered_procedure;candidate_missing_cleanup_for_stateful_work;candidate_missing_explicit_examples
10_学习模块\M09_Kubernetes与云原生\M09_Kubernetes与云原生_适配教材.md,10_学习模块\M09_Kubernetes与云原生\M09_Kubernetes与云原生_适配教材.md,第 4 章：Service 和 Ingress，给服务稳定入口,525,631,instructional,instructional,explicit_local_metadata,tutorial-like,True,False,True,True,True,False,False,False,True,False,True,True,True,False,0,False,6,0,6,candidate_missing_explicit_prerequisites;candidate_missing_explicit_examples;candidate_missing_explicit_sources
10_学习模块\M09_Kubernetes与云原生\M09_Kubernetes与云原生_适配教材.md,10_学习模块\M09_Kubernetes与云原生\M09_Kubernetes与云原生_适配教材.md,第 5 章：ConfigMap 和 Secret，配置不能写死在镜像里,632,721,instructional,instructional,explicit_local_metadata,tutorial-like,True,False,True,True,True,False,False,False,True,False,True,True,True,False,0,False,4,0,4,candidate_missing_explicit_prerequisites;candidate_missing_explicit_examples;candidate_missing_explicit_sources
10_学习模块\M09_Kubernetes与云原生\M09_Kubernetes与云原生_适配教材.md,10_学习模块\M09_Kubernetes与云原生\M09_Kubernetes与云原生_适配教材.md,第 6 章：Job 和 CronJob，运行一次性或定时任务,722,829,instructional,instructional,explicit_local_metadata,tutorial-like,True,False,True,True,True,False,False,False,True,False,True,True,True,False,0,False,3,0,3,candidate_missing_explicit_prerequisites;candidate_missing_explicit_examples;candidate_missing_explicit_sources
10_学习模块\M09_Kubernetes与云原生\M09_Kubernetes与云原生_适配教材.md,10_学习模块\M09_Kubernetes与云原生\M09_Kubernetes与云原生_适配教材.md,第 7 章：HPA，worker 为什么可以扩缩容,830,914,instructional,instructional,explicit_local_metadata,tutorial-like,True,False,True,True,True,False,False,False,True,False,True,True,True,False,0,True,3,0,3,candidate_missing_explicit_prerequisites;candidate_missing_cleanup_for_stateful_work;candidate_missing_explicit_examples;candidate_missing_explicit_sources
10_学习模块\M09_Kubernetes与云原生\M09_Kubernetes与云原生_适配教材.md,10_学习模块\M09_Kubernetes与云原生\M09_Kubernetes与云原生_适配教材.md,第 8 章：Scheduler，Pod 如何被放到 Node 上,915,1011,instructional,instructional,explicit_local_metadata,tutorial-like,True,False,True,True,True,False,False,False,True,False,True,True,True,False,0,False,5,0,5,candidate_missing_explicit_prerequisites;candidate_missing_explicit_examples;candidate_missing_explicit_sources
10_学习模块\M09_Kubernetes与云原生\M09_Kubernetes与云原生_适配教材.md,10_学习模块\M09_Kubernetes与云原生\M09_Kubernetes与云原生_适配教材.md,第 9 章：P03 最小迁移路线,1012,1123,design-note,design-note,explicit_local_metadata,design-note,True,False,True,True,True,False,False,False,True,False,True,True,True,False,0,True,9,0,9,
10_学习模块\M10_AI推理系统_vLLM_Triton\M10_AI推理系统_vLLM_Triton_适配教材.md,10_学习模块\M10_AI推理系统_vLLM_Triton\M10_AI推理系统_vLLM_Triton_适配教材.md,第 1 章：为什么推理服务是核心压力来源,124,228,instructional,instructional,explicit_local_metadata,tutorial-like,True,False,True,True,True,False,False,False,True,False,True,True,True,False,0,False,5,0,5,candidate_missing_explicit_prerequisites;candidate_missing_explicit_examples;candidate_missing_explicit_sources
10_学习模块\M10_AI推理系统_vLLM_Triton\M10_AI推理系统_vLLM_Triton_适配教材.md,10_学习模块\M10_AI推理系统_vLLM_Triton\M10_AI推理系统_vLLM_Triton_适配教材.md,第 2 章：TTFT、TPOT、tokens/s,229,394,instructional,instructional,explicit_local_metadata,tutorial-like,True,False,True,True,True,False,False,False,True,False,True,True,True,False,0,False,7,0,7,candidate_missing_explicit_prerequisites;candidate_missing_explicit_examples;candidate_missing_explicit_sources
10_学习模块\M10_AI推理系统_vLLM_Triton\M10_AI推理系统_vLLM_Triton_适配教材.md,10_学习模块\M10_AI推理系统_vLLM_Triton\M10_AI推理系统_vLLM_Triton_适配教材.md,第 3 章：batching 和并发，吞吐和尾延迟的取舍,395,506,instructional,instructional,explicit_local_metadata,tutorial-like,True,False,True,True,True,False,False,False,True,False,True,True,True,False,0,False,6,0,6,candidate_missing_explicit_prerequisites;candidate_missing_explicit_examples;candidate_missing_explicit_sources
10_学习模块\M10_AI推理系统_vLLM_Triton\M10_AI推理系统_vLLM_Triton_适配教材.md,10_学习模块\M10_AI推理系统_vLLM_Triton\M10_AI推理系统_vLLM_Triton_适配教材.md,第 4 章：KV cache，为什么上下文和并发会影响资源,507,664,instructional,instructional,explicit_local_metadata,tutorial-like,True,False,True,True,True,False,False,False,True,False,True,True,True,False,0,False,8,1,7,candidate_missing_explicit_prerequisites;candidate_missing_explicit_examples;candidate_missing_explicit_sources
10_学习模块\M10_AI推理系统_vLLM_Triton\M10_AI推理系统_vLLM_Triton_适配教材.md,10_学习模块\M10_AI推理系统_vLLM_Triton\M10_AI推理系统_vLLM_Triton_适配教材.md,第 5 章：队列、限流和超时，推理服务不能无限接请求,665,784,instructional,instructional,explicit_local_metadata,tutorial-like,True,False,True,True,True,False,False,False,True,False,True,True,True,False,0,False,7,0,7,candidate_missing_explicit_prerequisites;candidate_missing_explicit_examples;candidate_missing_explicit_sources
10_学习模块\M10_AI推理系统_vLLM_Triton\M10_AI推理系统_vLLM_Triton_适配教材.md,10_学习模块\M10_AI推理系统_vLLM_Triton\M10_AI推理系统_vLLM_Triton_适配教材.md,第 6 章：vLLM、Triton、Ray Serve 分别解决什么问题,785,860,instructional,instructional,explicit_local_metadata,tutorial-like,True,False,True,True,True,False,False,False,True,False,True,True,True,False,0,False,2,0,2,candidate_missing_explicit_prerequisites;candidate_missing_explicit_examples;candidate_missing_explicit_sources
10_学习模块\M10_AI推理系统_vLLM_Triton\M10_AI推理系统_vLLM_Triton_适配教材.md,10_学习模块\M10_AI推理系统_vLLM_Triton\M10_AI推理系统_vLLM_Triton_适配教材.md,第 7 章：推理服务要监控哪些指标,861,963,instructional,instructional,explicit_local_metadata,tutorial-like,True,False,True,True,True,False,False,False,True,False,True,True,True,False,0,False,2,0,2,candidate_missing_explicit_prerequisites;candidate_missing_explicit_examples;candidate_missing_explicit_sources
10_学习模块\M10_AI推理系统_vLLM_Triton\M10_AI推理系统_vLLM_Triton_适配教材.md,10_学习模块\M10_AI推理系统_vLLM_Triton\M10_AI推理系统_vLLM_Triton_适配教材.md,第 8 章：最小实验规划,964,1103,instructional,instructional,explicit_local_metadata,concept-like,True,False,False,True,True,False,False,False,True,False,True,False,True,False,0,False,5,0,5,candidate_missing_explicit_examples;candidate_missing_explicit_practice;candidate_missing_explicit_sources
10_学习模块\M11_科研方法与实验设计\M11_科研方法与实验设计_适配教材.md,10_学习模块\M11_科研方法与实验设计\M11_科研方法与实验设计_适配教材.md,第 1 章：从工程现象到研究问题,99,192,instructional,instructional,explicit_local_metadata,tutorial-like,True,False,True,True,True,False,False,False,True,False,True,True,True,False,0,False,7,0,7,candidate_missing_explicit_prerequisites;candidate_missing_explicit_examples;candidate_missing_explicit_sources
10_学习模块\M11_科研方法与实验设计\M11_科研方法与实验设计_适配教材.md,10_学习模块\M11_科研方法与实验设计\M11_科研方法与实验设计_适配教材.md,第 2 章：假设，先写可被验证或否定的判断,193,260,instructional,instructional,explicit_local_metadata,tutorial-like,True,False,True,True,True,False,False,False,True,False,True,True,True,False,0,False,3,0,3,candidate_missing_explicit_prerequisites;candidate_missing_explicit_examples;candidate_missing_explicit_sources
10_学习模块\M11_科研方法与实验设计\M11_科研方法与实验设计_适配教材.md,10_学习模块\M11_科研方法与实验设计\M11_科研方法与实验设计_适配教材.md,第 3 章：baseline，先有参照物再谈改进,261,338,instructional,instructional,explicit_local_metadata,tutorial-like,True,False,True,True,True,False,False,False,True,False,True,True,True,False,0,False,3,0,3,candidate_missing_explicit_prerequisites;candidate_missing_explicit_examples;candidate_missing_explicit_sources
10_学习模块\M11_科研方法与实验设计\M11_科研方法与实验设计_适配教材.md,10_学习模块\M11_科研方法与实验设计\M11_科研方法与实验设计_适配教材.md,第 4 章：变量，实验一次只改变少数东西,339,416,instructional,instructional,explicit_local_metadata,tutorial-like,True,False,True,True,True,False,False,False,True,False,True,True,True,False,0,False,1,0,1,candidate_missing_explicit_prerequisites;candidate_missing_explicit_examples;candidate_missing_explicit_sources
10_学习模块\M11_科研方法与实验设计\M11_科研方法与实验设计_适配教材.md,10_学习模块\M11_科研方法与实验设计\M11_科研方法与实验设计_适配教材.md,第 5 章：指标，平均值不能代表尾部体验,417,505,instructional,instructional,explicit_local_metadata,tutorial-like,True,False,True,True,True,False,False,False,True,False,True,True,True,False,0,False,3,0,3,candidate_missing_explicit_prerequisites;candidate_missing_explicit_examples;candidate_missing_explicit_sources
10_学习模块\M11_科研方法与实验设计\M11_科研方法与实验设计_适配教材.md,10_学习模块\M11_科研方法与实验设计\M11_科研方法与实验设计_适配教材.md,第 5.5 章：Rubric 和人工评测，把主观判断变成可复核记录,506,763,instructional,instructional,explicit_local_metadata,tutorial-like,True,False,True,True,True,False,False,False,True,False,True,True,True,False,0,False,7,0,7,candidate_missing_explicit_prerequisites;candidate_missing_explicit_examples;candidate_missing_explicit_sources
10_学习模块\M11_科研方法与实验设计\M11_科研方法与实验设计_适配教材.md,10_学习模块\M11_科研方法与实验设计\M11_科研方法与实验设计_适配教材.md,第 5.6 章：最小统计推断，从多 seed 到可复核区间,764,1139,instructional,instructional,explicit_local_metadata,tutorial-like,True,False,True,True,True,False,False,False,True,True,True,True,True,True,10,False,13,0,13,candidate_missing_explicit_prerequisites
10_学习模块\M11_科研方法与实验设计\M11_科研方法与实验设计_适配教材.md,10_学习模块\M11_科研方法与实验设计\M11_科研方法与实验设计_适配教材.md,第 6 章：实验记录，结果表只是其中一部分,1140,1245,instructional,instructional,explicit_local_metadata,tutorial-like,True,False,True,True,True,False,False,False,True,False,True,True,True,False,0,False,2,0,2,candidate_missing_explicit_prerequisites;candidate_missing_explicit_examples;candidate_missing_explicit_sources
10_学习模块\M11_科研方法与实验设计\M11_科研方法与实验设计_适配教材.md,10_学习模块\M11_科研方法与实验设计\M11_科研方法与实验设计_适配教材.md,第 7 章：失败分析，实验不支持假设也有价值,1246,1310,instructional,instructional,explicit_local_metadata,tutorial-like,True,False,True,True,True,False,False,False,True,False,True,True,True,False,0,False,3,0,3,candidate_missing_explicit_prerequisites;candidate_missing_explicit_examples;candidate_missing_explicit_sources
10_学习模块\M11_科研方法与实验设计\M11_科研方法与实验设计_适配教材.md,10_学习模块\M11_科研方法与实验设计\M11_科研方法与实验设计_适配教材.md,第 8 章：实验报告结构,1311,1403,instructional,instructional,explicit_local_metadata,tutorial-like,True,False,True,True,True,False,False,False,True,False,True,True,True,False,0,False,3,0,3,candidate_missing_explicit_prerequisites;candidate_missing_explicit_examples;candidate_missing_explicit_sources
10_学习模块\M11_科研方法与实验设计\M11_科研方法与实验设计_适配教材.md,10_学习模块\M11_科研方法与实验设计\M11_科研方法与实验设计_适配教材.md,第 9 章：导师联系材料怎么写,1404,1461,appendix,appendix,explicit_local_metadata,appendix,True,False,True,True,False,False,False,False,True,False,False,True,True,False,3,False,1,0,1,
10_学习模块\M12_金融投研AI场景\M12_金融投研AI场景_适配教材.md,10_学习模块\M12_金融投研AI场景\M12_金融投研AI场景_适配教材.md,第 1 章：为什么金融投研适合做 RAG / Agent 场景,99,236,design-note,design-note,explicit_local_metadata,design-note,True,False,True,False,True,False,False,False,True,False,True,True,False,True,0,False,6,0,6,
10_学习模块\M12_金融投研AI场景\M12_金融投研AI场景_适配教材.md,10_学习模块\M12_金融投研AI场景\M12_金融投研AI场景_适配教材.md,第 2 章：金融文档如何进入 RAG,237,479,design-note,design-note,explicit_local_metadata,design-note,True,False,True,False,True,False,False,False,True,True,True,True,False,True,0,False,6,0,6,
10_学习模块\M12_金融投研AI场景\M12_金融投研AI场景_适配教材.md,10_学习模块\M12_金融投研AI场景\M12_金融投研AI场景_适配教材.md,第 3 章：金融问答、信息抽取和风险提示,480,607,design-note,design-note,explicit_local_metadata,design-note,True,False,True,False,True,False,False,False,True,False,True,True,False,True,0,False,6,0,6,
10_学习模块\M12_金融投研AI场景\M12_金融投研AI场景_适配教材.md,10_学习模块\M12_金融投研AI场景\M12_金融投研AI场景_适配教材.md,第 4 章：投研 Agent 工作流,608,750,design-note,design-note,explicit_local_metadata,design-note,True,False,True,False,True,False,False,False,True,False,True,True,False,True,0,False,6,0,6,
10_学习模块\M12_金融投研AI场景\M12_金融投研AI场景_适配教材.md,10_学习模块\M12_金融投研AI场景\M12_金融投研AI场景_适配教材.md,第 5 章：把金融请求接入 P03 workload,751,942,design-note,design-note,explicit_local_metadata,design-note,True,False,True,False,True,False,False,False,True,False,True,True,False,True,0,False,7,0,7,
10_学习模块\M12_金融投研AI场景\M12_金融投研AI场景_适配教材.md,10_学习模块\M12_金融投研AI场景\M12_金融投研AI场景_适配教材.md,第 6 章：项目展示与简历表达,943,1038,appendix,appendix,explicit_local_metadata,appendix,True,False,True,False,True,False,False,False,True,False,True,True,False,False,2,False,5,0,5,
